{
    "car_position": [
        22.0,
        -3.44
    ],
    "car_heading": 0.0,
    "start_line": [
        [
            35.2,
            -5.68
        ],
        [
            35.2,
            1.15
        ]
    ],
    "finish_line": [
        [
            35.2,
            -5.68
        ],
        [
            35.2,
            1.15
        ]
    ],
    "blue_cones": [
        [
            68.48401641845703,
            -1.6191366910934448
        ],
        [
            62.19671630859375,
            -1.4624460935592651
        ],
        [
            55.40843200683594,
            -1.305755376815796
        ],
        [
            50.148136138916016,
            -1.227410078048706
        ],
        [
            44.33676528930664,
            -1.201295018196106
        ],
        [
            38.42519760131836,
            -1.1229496002197266
        ],
        [
            33.265098571777344,
            -1.0446043014526367
        ],
        [
            27.42867660522461,
            -1.0184892416000366
        ],
        [
            16.732744216918945,
            -0.8356834650039673
        ],
        [
            71.56504821777344,
            -0.7834532260894775
        ],
        [
            22.218481063842773,
            -0.7051079273223877
        ],
        [
            12.850147247314453,
            -0.5484172701835632
        ],
        [
            12.123725891113281,
            -0.10446043312549591
        ],
        [
            74.27033996582031,
            0.39172661304473877
        ],
        [
            11.547597885131836,
            0.8617985844612122
        ],
        [
            76.59989929199219,
            2.063093662261963
        ],
        [
            11.297107696533203,
            2.2981295585632324
        ],
        [
            78.57877349853516,
            4.126187324523926
        ],
        [
            11.22196102142334,
            5.014101028442383
        ],
        [
            80.0065689086914,
            6.0587053298950195
        ],
        [
            11.372255325317383,
            7.9651079177856445
        ],
        [
            82.21088409423828,
            8.461295127868652
        ],
        [
            83.76392364501953,
            10.237122535705566
        ],
        [
            12.449362754821777,
            10.237122535705566
        ],
        [
            18.761714935302734,
            11.647337913513184
        ],
        [
            15.430195808410645,
            11.647337913513184
        ],
        [
            21.667402267456055,
            12.221870422363281
        ],
        [
            23.470932006835938,
            14.258849143981934
        ],
        [
            87.32088470458984,
            14.311079025268555
        ],
        [
            23.84666633605957,
            17.000934600830078
        ],
        [
            89.77568817138672,
            17.366546630859375
        ],
        [
            81.81009674072266,
            19.14237403869629
        ],
        [
            51.04990005493164,
            19.507986068725586
        ],
        [
            78.67897033691406,
            19.560216903686523
        ],
        [
            54.531715393066406,
            19.873598098754883
        ],
        [
            91.52912139892578,
            19.951942443847656
        ],
        [
            84.23985290527344,
            20.604820251464844
        ],
        [
            47.24245071411133,
            20.761510848999023
        ],
        [
            24.422794342041016,
            20.83985710144043
        ],
        [
            91.90485382080078,
            20.944316864013672
        ],
        [
            75.52279663085938,
            20.99654769897461
        ],
        [
            57.788089752197266,
            21.936691284179688
        ],
        [
            92.00505065917969,
            21.988922119140625
        ],
        [
            44.6123046875,
            22.432878494262695
        ],
        [
            72.21632385253906,
            22.64179801940918
        ],
        [
            86.0934829711914,
            22.694028854370117
        ],
        [
            91.67941284179688,
            22.876834869384766
        ],
        [
            90.97804260253906,
            23.42525291442871
        ],
        [
            26.101078033447266,
            23.764747619628906
        ],
        [
            87.72166442871094,
            23.947553634643555
        ],
        [
            89.9510269165039,
            24.0781307220459
        ],
        [
            59.91725540161133,
            24.260934829711914
        ],
        [
            69.71141815185547,
            24.4959716796875
        ],
        [
            41.68156814575195,
            24.992158889770508
        ],
        [
            66.7556381225586,
            26.506834030151367
        ],
        [
            38.72578430175781,
            26.611295700073242
        ],
        [
            63.07343292236328,
            26.689640045166016
        ],
        [
            27.679166793823242,
            26.767986297607422
        ],
        [
            29.532794952392578,
            27.603670120239258
        ],
        [
            35.61970520019531,
            28.1259708404541
        ],
        [
            32.01264572143555,
            28.230432510375977
        ]
    ],